"Task","Mode","Rampup Start Time","Transaction Start Time","Transaction End Time","Virtual Users","TPM","NOPM"
"Blog-B1","TPCC","1/7/2020 8:01:32 PM","1/7/2020 8:03:36 PM","1/7/2020 8:06:45 PM","3","53319","11591"
"Blog-B1","TPCC","1/7/2020 8:10:48 PM","1/7/2020 8:12:51 PM","1/7/2020 8:15:59 PM","5","61684","13366"
"Blog-B1","TPCC","1/7/2020 8:20:05 PM","1/7/2020 8:22:08 PM","1/7/2020 8:25:14 PM","8","66804","14516"
"Blog-B1","TPCC","1/7/2020 8:29:19 PM","1/7/2020 8:31:23 PM","1/7/2020 8:34:28 PM","13","68388","14857"
"Blog-B1","TPCC","1/7/2020 8:38:39 PM","1/7/2020 8:40:42 PM","1/7/2020 8:43:50 PM","21","67997","14799"
"Blog-B1","TPCC","1/7/2020 8:48:05 PM","1/7/2020 8:50:08 PM","1/7/2020 8:53:16 PM","34","69278","15088"
"Blog-B1","TPCC","1/7/2020 8:57:34 PM","1/7/2020 8:59:37 PM","1/7/2020 9:02:55 PM","55","68069","14754"
"Blog-B1","TPCC","1/7/2020 9:07:12 PM","1/7/2020 9:09:15 PM","1/7/2020 9:12:46 PM","89","66863","14609"
"Blog-B1","TPCC","1/7/2020 9:17:06 PM","1/7/2020 9:19:08 PM","1/7/2020 9:23:31 PM","144","78844","16637"
